p,lambda,rho,d,n_samples,avg_acc,avg_f1,avg_rate,avg_kll,avg_rkll,avg_rte,avg_fro,avg_spec,avg_l1,std_acc,std_f1,std_rate,std_kll,std_rkll,std_rte,std_fro,std_spec,std_l1,best_thr,best_cm
25,0.01,0.1,15,2000,0.9119999999999999,0.922088922232137,0.8933333333333333,0.011226536204727466,0.01121640311764729,0.002564185010801967,0.14746601215783312,0.05626248221359957,0.11757969434862008,0.039191835884530846,0.03883702334473852,0.09043106644167023,0.003544979610027971,0.0035343456181454475,0.001819060909815652,0.02105766919257764,0.009374643493845331,0.01357845620110649,"[np.float64(0.01), np.float64(0.01), np.float64(0.01), np.float64(0.01), np.float64(0.01), np.float64(0.01), np.float64(0.01), np.float64(0.01), np.float64(0.0), np.float64(0.01)]","[array([[ 9,  1],
       [ 2, 13]]), array([[10,  0],
       [ 2, 13]]), array([[10,  0],
       [ 1, 14]]), array([[ 9,  1],
       [ 0, 15]]), array([[10,  0],
       [ 3, 12]]), array([[10,  0],
       [ 3, 12]]), array([[ 9,  1],
       [ 0, 15]]), array([[10,  0],
       [ 4, 11]]), array([[ 8,  2],
       [ 0, 15]]), array([[ 9,  1],
       [ 1, 14]])]"
25,0.01,0.5,15,2000,0.8720000000000001,0.8872911233458902,0.8533333333333333,0.014073152899830887,0.014032237447021955,0.002720886917966403,0.16441797164312605,0.062474156185956496,0.12893288389398505,0.06144916598294886,0.05885698544070591,0.11469767022723501,0.004891046249191688,0.004880407669792496,0.0025864619504938047,0.029845514682756622,0.01140354721429635,0.02155100276209937,"[np.float64(0.01), np.float64(0.01), np.float64(0.0), np.float64(0.0), np.float64(0.01), np.float64(0.01), np.float64(0.01), np.float64(0.01), np.float64(0.01), np.float64(0.01)]","[array([[10,  0],
       [ 6,  9]]), array([[10,  0],
       [ 2, 13]]), array([[ 5,  5],
       [ 0, 15]]), array([[ 6,  4],
       [ 0, 15]]), array([[10,  0],
       [ 1, 14]]), array([[10,  0],
       [ 3, 12]]), array([[ 9,  1],
       [ 3, 12]]), array([[10,  0],
       [ 1, 14]]), array([[10,  0],
       [ 3, 12]]), array([[10,  0],
       [ 3, 12]])]"
25,0.01,1.0,15,2000,0.8800000000000001,0.8984673414820472,0.9066666666666666,0.011835815573656205,0.011938018040311249,0.0064670195105049014,0.15006765199790126,0.06361991072708398,0.1282664141165976,0.05059644256269409,0.05285469924951141,0.12,0.004070363316021162,0.004096527193823839,0.0045949112225280525,0.026468996564029273,0.011034470614147418,0.02287582131650377,"[np.float64(0.01), np.float64(0.0), np.float64(0.0), np.float64(0.01), np.float64(0.0), np.float64(0.01), np.float64(0.01), np.float64(0.01), np.float64(0.0), np.float64(0.0)]","[array([[10,  0],
       [ 2, 13]]), array([[ 8,  2],
       [ 0, 15]]), array([[ 6,  4],
       [ 0, 15]]), array([[10,  0],
       [ 6,  9]]), array([[ 7,  3],
       [ 0, 15]]), array([[10,  0],
       [ 2, 13]]), array([[10,  0],
       [ 2, 13]]), array([[10,  0],
       [ 2, 13]]), array([[ 6,  4],
       [ 0, 15]]), array([[ 7,  3],
       [ 0, 15]])]"
25,0.01,2.0,15,2000,0.908,0.9149025304197718,0.8533333333333333,0.012484246678178934,0.012379429870667025,0.004587150162309905,0.1500402132866163,0.06398080044244485,0.12701462396129354,0.0567097875150313,0.055051404527014444,0.09333333333333335,0.005669694135434393,0.005517671839216089,0.003982728062061109,0.02760100545128591,0.008390336882683081,0.017268413276488426,"[np.float64(0.01), np.float64(0.01), np.float64(0.01), np.float64(0.01), np.float64(0.01), np.float64(0.01), np.float64(0.01), np.float64(0.01), np.float64(0.01), np.float64(0.01)]","[array([[10,  0],
       [ 0, 15]]), array([[10,  0],
       [ 2, 13]]), array([[10,  0],
       [ 1, 14]]), array([[10,  0],
       [ 1, 14]]), array([[10,  0],
       [ 4, 11]]), array([[10,  0],
       [ 4, 11]]), array([[10,  0],
       [ 3, 12]]), array([[10,  0],
       [ 1, 14]]), array([[ 9,  1],
       [ 2, 13]]), array([[10,  0],
       [ 4, 11]])]"
25,0.05,0.1,15,2000,0.8560000000000001,0.8762720849130584,0.8533333333333333,0.016205923720205816,0.01624245451656705,0.003577502222232376,0.16781003008868675,0.0700148086357058,0.12831969593110798,0.04454211490264018,0.036477889200666316,0.11075498483890767,0.0073104323105668036,0.007317375340941403,0.002349328006167425,0.034762750074667954,0.015132035140798895,0.023660391018721003,"[np.float64(0.01), np.float64(0.0), np.float64(0.01), np.float64(0.0), np.float64(0.01), np.float64(0.0), np.float64(0.01), np.float64(0.01), np.float64(0.01), np.float64(0.01)]","[array([[10,  0],
       [ 2, 13]]), array([[ 7,  3],
       [ 0, 15]]), array([[ 9,  1],
       [ 2, 13]]), array([[ 6,  4],
       [ 0, 15]]), array([[10,  0],
       [ 3, 12]]), array([[ 4,  6],
       [ 0, 15]]), array([[10,  0],
       [ 5, 10]]), array([[10,  0],
       [ 3, 12]]), array([[10,  0],
       [ 4, 11]]), array([[10,  0],
       [ 3, 12]])]"
25,0.05,0.5,15,2000,0.8879999999999999,0.8952940928802999,0.8133333333333335,0.01504336565619866,0.014898590048342087,0.004500601778804014,0.16415043242375132,0.0692747689342937,0.12827500024228172,0.04308131845707603,0.04462428524482672,0.07180219742846007,0.005045117385961804,0.00503594466526079,0.0037887179537664443,0.028087788760208364,0.013571904975380529,0.032675956876526954,"[np.float64(0.01), np.float64(0.01), np.float64(0.01), np.float64(0.01), np.float64(0.01), np.float64(0.01), np.float64(0.01), np.float64(0.01), np.float64(0.01), np.float64(0.01)]","[array([[10,  0],
       [ 3, 12]]), array([[10,  0],
       [ 4, 11]]), array([[10,  0],
       [ 1, 14]]), array([[10,  0],
       [ 3, 12]]), array([[10,  0],
       [ 3, 12]]), array([[10,  0],
       [ 2, 13]]), array([[10,  0],
       [ 2, 13]]), array([[10,  0],
       [ 2, 13]]), array([[10,  0],
       [ 5, 10]]), array([[10,  0],
       [ 3, 12]])]"
25,0.05,1.0,15,2000,0.876,0.8916722845810721,0.8666666666666668,0.012948099057505758,0.012783113420168846,0.006589654181537985,0.1548925637293814,0.06596081965232428,0.12393567322049419,0.057827329179203836,0.056954329687957946,0.1115546702045434,0.0061942765762560805,0.005958221555776965,0.00588945714220901,0.03747176686285928,0.018074017875770797,0.023245156503105106,"[np.float64(0.01), np.float64(0.01), np.float64(0.01), np.float64(0.01), np.float64(0.01), np.float64(0.01), np.float64(0.0), np.float64(0.01), np.float64(0.0), np.float64(0.01)]","[array([[ 8,  2],
       [ 1, 14]]), array([[10,  0],
       [ 1, 14]]), array([[ 9,  1],
       [ 3, 12]]), array([[10,  0],
       [ 3, 12]]), array([[10,  0],
       [ 2, 13]]), array([[10,  0],
       [ 6,  9]]), array([[ 7,  3],
       [ 0, 15]]), array([[10,  0],
       [ 2, 13]]), array([[ 5,  5],
       [ 0, 15]]), array([[10,  0],
       [ 2, 13]])]"
25,0.05,2.0,15,2000,0.9,0.9076399414761485,0.8533333333333333,0.01622361602189386,0.016088583429689152,0.005475798163139889,0.16795103476389767,0.06377501973667259,0.13004451605172518,0.06260990336999413,0.059914059273730225,0.11075498483890767,0.007908261090770564,0.007685200200074144,0.003430741891629119,0.039154467769736,0.013582694799512492,0.029161487483713087,"[np.float64(0.01), np.float64(0.01), np.float64(0.01), np.float64(0.01), np.float64(0.01), np.float64(0.01), np.float64(0.01), np.float64(0.0), np.float64(0.01), np.float64(0.01)]","[array([[10,  0],
       [ 4, 11]]), array([[10,  0],
       [ 3, 12]]), array([[10,  0],
       [ 3, 12]]), array([[10,  0],
       [ 4, 11]]), array([[10,  0],
       [ 1, 14]]), array([[10,  0],
       [ 0, 15]]), array([[10,  0],
       [ 4, 11]]), array([[ 8,  2],
       [ 0, 15]]), array([[10,  0],
       [ 0, 15]]), array([[ 9,  1],
       [ 3, 12]])]"
25,0.1,0.1,15,2000,0.8960000000000001,0.9093394871684474,0.8866666666666667,0.014032210417783731,0.014016904692003252,0.005799450096895165,0.1565377058155124,0.06503830317836182,0.12350227997623342,0.05425863986500213,0.0512724441701002,0.10349449797506682,0.00847483662444894,0.00850665048661906,0.003597384660704943,0.04697389141367615,0.022072594428499605,0.02827915151831913,"[np.float64(0.01), np.float64(0.01), np.float64(0.01), np.float64(0.01), np.float64(0.01), np.float64(0.01), np.float64(0.01), np.float64(0.01), np.float64(0.0), np.float64(0.0)]","[array([[ 9,  1],
       [ 0, 15]]), array([[10,  0],
       [ 1, 14]]), array([[10,  0],
       [ 3, 12]]), array([[10,  0],
       [ 5, 10]]), array([[ 9,  1],
       [ 3, 12]]), array([[10,  0],
       [ 2, 13]]), array([[10,  0],
       [ 1, 14]]), array([[10,  0],
       [ 2, 13]]), array([[ 7,  3],
       [ 0, 15]]), array([[ 6,  4],
       [ 0, 15]])]"
25,0.1,0.5,15,2000,0.884,0.907593737398504,0.9400000000000001,0.010866019170208218,0.010830456780688991,0.004405840835085506,0.1453139983261622,0.061491955825199805,0.12425483028046717,0.05199999999999999,0.040085903767993265,0.08137703743822469,0.003716156036146738,0.0036421002485242386,0.004143344150301583,0.020160833352754932,0.007929427133258674,0.018281996761102575,"[np.float64(0.0), np.float64(0.01), np.float64(0.01), np.float64(0.0), np.float64(0.01), np.float64(0.01), np.float64(0.0), np.float64(0.0), np.float64(0.0), np.float64(0.0)]","[array([[ 5,  5],
       [ 0, 15]]), array([[10,  0],
       [ 2, 13]]), array([[10,  0],
       [ 4, 11]]), array([[ 6,  4],
       [ 0, 15]]), array([[10,  0],
       [ 1, 14]]), array([[10,  0],
       [ 1, 14]]), array([[ 7,  3],
       [ 0, 15]]), array([[ 8,  2],
       [ 0, 15]]), array([[ 7,  3],
       [ 1, 14]]), array([[ 7,  3],
       [ 0, 15]])]"
25,0.1,1.0,15,2000,0.8640000000000001,0.8821968880792411,0.8533333333333333,0.014269215454612905,0.01427959723163923,0.007700862324227386,0.16292428863681466,0.07295446574314557,0.14204122777450112,0.03666060555964673,0.031046870309275207,0.10666666666666669,0.004582433514104443,0.004593408568237007,0.0047715616498095826,0.025674930045403443,0.014476664208485163,0.02177623227752946,"[np.float64(0.0), np.float64(0.01), np.float64(0.01), np.float64(0.01), np.float64(0.01), np.float64(0.0), np.float64(0.01), np.float64(0.01), np.float64(0.0), np.float64(0.01)]","[array([[ 5,  5],
       [ 0, 15]]), array([[10,  0],
       [ 4, 11]]), array([[10,  0],
       [ 4, 11]]), array([[10,  0],
       [ 3, 12]]), array([[10,  0],
       [ 2, 13]]), array([[ 7,  3],
       [ 0, 15]]), array([[10,  0],
       [ 3, 12]]), array([[10,  0],
       [ 2, 13]]), array([[ 6,  4],
       [ 0, 15]]), array([[10,  0],
       [ 4, 11]])]"
25,0.1,2.0,15,2000,0.9000000000000001,0.9112562632028703,0.8800000000000001,0.013435448245259352,0.013368379863328528,0.005743891033091408,0.15540666066918926,0.06391447990297358,0.12555961745171043,0.048166378315169185,0.04733193447935701,0.10666666666666669,0.004952334121857029,0.0048947773714954936,0.0034348027601487875,0.02846974675595093,0.011715922576232789,0.02311204804834384,"[np.float64(0.01), np.float64(0.01), np.float64(0.0), np.float64(0.01), np.float64(0.01), np.float64(0.01), np.float64(0.01), np.float64(0.01), np.float64(0.0), np.float64(0.0)]","[array([[10,  0],
       [ 1, 14]]), array([[10,  0],
       [ 1, 14]]), array([[ 9,  1],
       [ 0, 15]]), array([[10,  0],
       [ 4, 11]]), array([[10,  0],
       [ 2, 13]]), array([[10,  0],
       [ 2, 13]]), array([[10,  0],
       [ 4, 11]]), array([[10,  0],
       [ 4, 11]]), array([[ 7,  3],
       [ 0, 15]]), array([[ 7,  3],
       [ 0, 15]])]"
25,0.2,0.1,15,2000,0.852,0.8647243606067135,0.8066666666666666,0.01645608936322418,0.016305105308477154,0.0021946540101486444,0.16805815324430945,0.06451295161627148,0.13845464439325203,0.036,0.04080336669927186,0.11333333333333334,0.005536821372742613,0.005433131964970821,0.0018307350112461043,0.02629272727118311,0.008595752144819266,0.019293480962786755,"[np.float64(0.0), np.float64(0.01), np.float64(0.01), np.float64(0.01), np.float64(0.01), np.float64(0.01), np.float64(0.0), np.float64(0.01), np.float64(0.01), np.float64(0.01)]","[array([[ 6,  4],
       [ 0, 15]]), array([[10,  0],
       [ 3, 12]]), array([[10,  0],
       [ 4, 11]]), array([[10,  0],
       [ 3, 12]]), array([[10,  0],
       [ 5, 10]]), array([[10,  0],
       [ 5, 10]]), array([[ 7,  3],
       [ 0, 15]]), array([[10,  0],
       [ 2, 13]]), array([[10,  0],
       [ 4, 11]]), array([[ 9,  1],
       [ 3, 12]])]"
25,0.2,0.5,15,2000,0.8280000000000001,0.8690111248934779,0.9333333333333332,0.015499055720897558,0.015448471883886938,0.0048131791649596465,0.16559524832074798,0.07490961307058445,0.15379811064081675,0.0620966987850401,0.03769642812674087,0.09428090415820634,0.008201445637550119,0.008154348240443131,0.0031095137644529254,0.0411553300967188,0.02285001161922739,0.04202268340114688,"[np.float64(0.0), np.float64(0.0), np.float64(0.0), np.float64(0.01), np.float64(0.0), np.float64(0.01), np.float64(0.0), np.float64(0.0), np.float64(0.0), np.float64(0.01)]","[array([[ 3,  7],
       [ 0, 15]]), array([[ 6,  4],
       [ 1, 14]]), array([[ 7,  3],
       [ 0, 15]]), array([[10,  0],
       [ 2, 13]]), array([[ 4,  6],
       [ 0, 15]]), array([[10,  0],
       [ 3, 12]]), array([[ 4,  6],
       [ 0, 15]]), array([[ 6,  4],
       [ 0, 15]]), array([[ 7,  3],
       [ 0, 15]]), array([[10,  0],
       [ 4, 11]])]"
25,0.2,1.0,15,2000,0.876,0.8902580178442248,0.8400000000000001,0.01991724103224115,0.019725009308690387,0.005829407507702544,0.1785387694888733,0.07885186250773352,0.15633441560512146,0.037735924528226404,0.031176996717472618,0.08,0.011314744945796129,0.011230129602265642,0.003939832423575401,0.047081657692035456,0.025963740294017625,0.03757995925905581,"[np.float64(0.01), np.float64(0.01), np.float64(0.01), np.float64(0.01), np.float64(0.01), np.float64(0.0), np.float64(0.01), np.float64(0.0), np.float64(0.01), np.float64(0.01)]","[array([[10,  0],
       [ 4, 11]]), array([[10,  0],
       [ 3, 12]]), array([[10,  0],
       [ 3, 12]]), array([[10,  0],
       [ 3, 12]]), array([[10,  0],
       [ 1, 14]]), array([[ 6,  4],
       [ 1, 14]]), array([[10,  0],
       [ 3, 12]]), array([[ 7,  3],
       [ 0, 15]]), array([[10,  0],
       [ 3, 12]]), array([[10,  0],
       [ 3, 12]])]"
25,0.2,2.0,15,2000,0.812,0.8305638808899678,0.7866666666666667,0.016788474287249854,0.016496610570190383,0.0037082363303589717,0.17014532600950233,0.07740915159194704,0.147218893977342,0.0567097875150313,0.05785783023984316,0.14847371634213394,0.005406610684286327,0.005086635763982251,0.003060534214160301,0.020147283820841636,0.012212296684288757,0.020079537414588008,"[np.float64(0.01), np.float64(0.01), np.float64(0.01), np.float64(0.0), np.float64(0.0), np.float64(0.01), np.float64(0.0), np.float64(0.01), np.float64(0.01), np.float64(0.01)]","[array([[10,  0],
       [ 4, 11]]), array([[10,  0],
       [ 2, 13]]), array([[10,  0],
       [ 5, 10]]), array([[ 5,  5],
       [ 0, 15]]), array([[ 3,  7],
       [ 0, 15]]), array([[10,  0],
       [ 4, 11]]), array([[ 7,  3],
       [ 1, 14]]), array([[10,  0],
       [ 7,  8]]), array([[10,  0],
       [ 5, 10]]), array([[10,  0],
       [ 4, 11]])]"
50,0.01,0.1,15,2000,0.9460000000000001,0.8996681769596119,0.8466666666666667,0.01602874443836839,0.01598078445430957,0.003012361624254645,0.17293773985384228,0.05793926302446769,0.11274357223914715,0.03104834939252004,0.06495029597825973,0.11566234381931649,0.006251780985291852,0.006120969486288876,0.0019575665754312686,0.03312249497058869,0.00974694494137508,0.019844078486487265,"[np.float64(0.01), np.float64(0.01), np.float64(0.01), np.float64(0.01), np.float64(0.01), np.float64(0.01), np.float64(0.01), np.float64(0.01), np.float64(0.01), np.float64(0.01)]","[array([[34,  1],
       [ 2, 13]]), array([[35,  0],
       [ 4, 11]]), array([[35,  0],
       [ 6,  9]]), array([[35,  0],
       [ 3, 12]]), array([[34,  1],
       [ 0, 15]]), array([[35,  0],
       [ 2, 13]]), array([[35,  0],
       [ 3, 12]]), array([[35,  0],
       [ 0, 15]]), array([[34,  1],
       [ 2, 13]]), array([[34,  1],
       [ 1, 14]])]"
50,0.01,0.5,15,2000,0.9259999999999999,0.8556492084219027,0.78,0.02541496281843649,0.025068519785807552,0.002883550231401377,0.21179570202408454,0.07159791045447281,0.13394282034059043,0.04820788317277579,0.10212079080681488,0.15216949614017772,0.013375587433378733,0.012992729784342532,0.0019181630393274591,0.0544080948873303,0.02583010940119898,0.03843804703478964,"[np.float64(0.01), np.float64(0.01), np.float64(0.01), np.float64(0.01), np.float64(0.01), np.float64(0.01), np.float64(0.01), np.float64(0.01), np.float64(0.01), np.float64(0.01)]","[array([[35,  0],
       [ 3, 12]]), array([[35,  0],
       [ 7,  8]]), array([[35,  0],
       [ 6,  9]]), array([[33,  2],
       [ 4, 11]]), array([[34,  1],
       [ 6,  9]]), array([[35,  0],
       [ 1, 14]]), array([[35,  0],
       [ 3, 12]]), array([[35,  0],
       [ 1, 14]]), array([[35,  0],
       [ 2, 13]]), array([[34,  1],
       [ 0, 15]])]"
50,0.01,1.0,15,2000,0.952,0.9128050975103255,0.86,0.017885625299989983,0.017840357843399345,0.0031937351260119097,0.1794683624712448,0.05592080839167879,0.1065824462716729,0.0285657137141714,0.05598451386857086,0.08666666666666667,0.00821745346937826,0.008155043926408888,0.0028884823270711466,0.03896659112484069,0.012787091318397852,0.01848780732300897,"[np.float64(0.01), np.float64(0.01), np.float64(0.01), np.float64(0.01), np.float64(0.01), np.float64(0.01), np.float64(0.01), np.float64(0.01), np.float64(0.01), np.float64(0.01)]","[array([[35,  0],
       [ 1, 14]]), array([[35,  0],
       [ 3, 12]]), array([[34,  1],
       [ 2, 13]]), array([[35,  0],
       [ 2, 13]]), array([[35,  0],
       [ 3, 12]]), array([[34,  1],
       [ 0, 15]]), array([[34,  1],
       [ 5, 10]]), array([[35,  0],
       [ 2, 13]]), array([[35,  0],
       [ 2, 13]]), array([[35,  0],
       [ 1, 14]])]"
50,0.01,2.0,15,2000,0.9380000000000001,0.8839175192623469,0.8200000000000001,0.02313201236796374,0.022973388921380435,0.00339157193784998,0.2068059177332949,0.0607264051904873,0.11373848138408191,0.030265491900843093,0.0654285533379379,0.11175369742826809,0.007526695215942986,0.007353251255179089,0.0034903251026085014,0.0338665438012613,0.013718738575606855,0.0242469803078928,"[np.float64(0.01), np.float64(0.01), np.float64(0.01), np.float64(0.01), np.float64(0.01), np.float64(0.01), np.float64(0.01), np.float64(0.01), np.float64(0.01), np.float64(0.01)]","[array([[35,  0],
       [ 1, 14]]), array([[35,  0],
       [ 5, 10]]), array([[35,  0],
       [ 4, 11]]), array([[34,  1],
       [ 1, 14]]), array([[35,  0],
       [ 2, 13]]), array([[34,  1],
       [ 2, 13]]), array([[35,  0],
       [ 2, 13]]), array([[35,  0],
       [ 6,  9]]), array([[34,  1],
       [ 1, 14]]), array([[34,  1],
       [ 3, 12]])]"
50,0.05,0.1,15,2000,0.938,0.8844516020378089,0.8066666666666666,0.026415969552008534,0.026264931403399316,0.003589415773640292,0.22101287446741905,0.06558147715369263,0.12738941867994172,0.02599999999999998,0.05214945370019613,0.0813770374382247,0.009326177781189205,0.009125105373747736,0.0019171837094671656,0.034833731473377434,0.010292884492223165,0.01923718322292431,"[np.float64(0.01), np.float64(0.01), np.float64(0.01), np.float64(0.01), np.float64(0.01), np.float64(0.01), np.float64(0.01), np.float64(0.01), np.float64(0.01), np.float64(0.01)]","[array([[35,  0],
       [ 1, 14]]), array([[35,  0],
       [ 2, 13]]), array([[35,  0],
       [ 3, 12]]), array([[35,  0],
       [ 3, 12]]), array([[34,  1],
       [ 5, 10]]), array([[35,  0],
       [ 3, 12]]), array([[35,  0],
       [ 3, 12]]), array([[35,  0],
       [ 4, 11]]), array([[35,  0],
       [ 4, 11]]), array([[34,  1],
       [ 1, 14]])]"
50,0.05,0.5,15,2000,0.938,0.8837067912929981,0.8066666666666666,0.02450911147501742,0.02440377353162404,0.0027217904055143903,0.20642109065778563,0.06407625398439801,0.12801810530389054,0.025999999999999975,0.05418915311087575,0.09165151389911683,0.013494318716297873,0.013295024467194957,0.0021213270878556977,0.04831247173777064,0.01813674402594721,0.03976993364478547,"[np.float64(0.01), np.float64(0.01), np.float64(0.01), np.float64(0.01), np.float64(0.01), np.float64(0.01), np.float64(0.01), np.float64(0.01), np.float64(0.01), np.float64(0.01)]","[array([[35,  0],
       [ 1, 14]]), array([[35,  0],
       [ 2, 13]]), array([[35,  0],
       [ 4, 11]]), array([[35,  0],
       [ 3, 12]]), array([[35,  0],
       [ 2, 13]]), array([[35,  0],
       [ 3, 12]]), array([[34,  1],
       [ 3, 12]]), array([[35,  0],
       [ 5, 10]]), array([[35,  0],
       [ 5, 10]]), array([[34,  1],
       [ 1, 14]])]"
50,0.05,1.0,15,2000,0.9219999999999999,0.8488196988196988,0.7466666666666667,0.027981921765816507,0.027829123995920923,0.0031869110123175725,0.22706532004680313,0.0724795427731588,0.13854693301094795,0.02749545416973502,0.06053104573647586,0.08844332774281068,0.010223295766548592,0.010144181662771357,0.0022093211160531937,0.0368537507434556,0.014576637603464629,0.027253374529729632,"[np.float64(0.01), np.float64(0.01), np.float64(0.01), np.float64(0.01), np.float64(0.01), np.float64(0.01), np.float64(0.01), np.float64(0.01), np.float64(0.01), np.float64(0.01)]","[array([[35,  0],
       [ 3, 12]]), array([[35,  0],
       [ 3, 12]]), array([[35,  0],
       [ 6,  9]]), array([[35,  0],
       [ 4, 11]]), array([[35,  0],
       [ 4, 11]]), array([[35,  0],
       [ 2, 13]]), array([[34,  1],
       [ 4, 11]]), array([[35,  0],
       [ 6,  9]]), array([[35,  0],
       [ 4, 11]]), array([[35,  0],
       [ 2, 13]])]"
50,0.05,2.0,15,2000,0.932,0.8696730890334894,0.7866666666666667,0.026551138990180335,0.026419323951436268,0.0041709640057771445,0.21936514272910665,0.07013136392471135,0.1425292730609767,0.03249615361854382,0.06804618718729948,0.11469767022723504,0.010419697591144642,0.010362635859668297,0.0031366889015386045,0.03650573748338106,0.011826202579452492,0.027347060194876403,"[np.float64(0.01), np.float64(0.01), np.float64(0.01), np.float64(0.01), np.float64(0.01), np.float64(0.01), np.float64(0.01), np.float64(0.01), np.float64(0.01), np.float64(0.01)]","[array([[35,  0],
       [ 3, 12]]), array([[35,  0],
       [ 1, 14]]), array([[34,  1],
       [ 4, 11]]), array([[35,  0],
       [ 4, 11]]), array([[35,  0],
       [ 6,  9]]), array([[35,  0],
       [ 3, 12]]), array([[35,  0],
       [ 5, 10]]), array([[34,  1],
       [ 0, 15]]), array([[35,  0],
       [ 4, 11]]), array([[35,  0],
       [ 2, 13]])]"
50,0.1,0.1,15,2000,0.9359999999999999,0.8774135825859964,0.7933333333333334,0.021612039377300364,0.021550413096053943,0.0028345198791644433,0.19571959164986735,0.059611798377811644,0.11275459682900105,0.03072458299147441,0.06429095295592353,0.10934146311237819,0.009813935399162739,0.009882870133205244,0.0017816832601582435,0.042344944252338174,0.013673145697988347,0.02205692406001068,"[np.float64(0.01), np.float64(0.01), np.float64(0.01), np.float64(0.01), np.float64(0.01), np.float64(0.01), np.float64(0.01), np.float64(0.01), np.float64(0.01), np.float64(0.01)]","[array([[34,  1],
       [ 1, 14]]), array([[35,  0],
       [ 5, 10]]), array([[35,  0],
       [ 5, 10]]), array([[35,  0],
       [ 1, 14]]), array([[35,  0],
       [ 3, 12]]), array([[35,  0],
       [ 5, 10]]), array([[35,  0],
       [ 2, 13]]), array([[35,  0],
       [ 4, 11]]), array([[35,  0],
       [ 1, 14]]), array([[35,  0],
       [ 4, 11]])]"
50,0.1,0.5,15,2000,0.9179999999999999,0.8385602711464781,0.7266666666666668,0.022843438314411203,0.022608410986682516,0.0033618357850218384,0.19805343030875064,0.058911288183523036,0.1202718649491814,0.027495454169735024,0.05923667466216015,0.09165151389911683,0.010683250755282536,0.010372371809256636,0.0025728609610540685,0.04688152935062164,0.015338430714393949,0.02398171525738682,"[np.float64(0.01), np.float64(0.01), np.float64(0.01), np.float64(0.01), np.float64(0.01), np.float64(0.01), np.float64(0.01), np.float64(0.01), np.float64(0.01), np.float64(0.01)]","[array([[35,  0],
       [ 3, 12]]), array([[35,  0],
       [ 5, 10]]), array([[35,  0],
       [ 3, 12]]), array([[35,  0],
       [ 4, 11]]), array([[35,  0],
       [ 6,  9]]), array([[35,  0],
       [ 5, 10]]), array([[35,  0],
       [ 5, 10]]), array([[35,  0],
       [ 1, 14]]), array([[35,  0],
       [ 4, 11]]), array([[35,  0],
       [ 5, 10]])]"
50,0.1,1.0,15,2000,0.938,0.8823575849437917,0.7933333333333333,0.023121832436446256,0.022994163095356866,0.003187256273265515,0.20202215550937092,0.06452819191887049,0.12075367860221789,0.024413111231467395,0.0530437898185794,0.0813770374382247,0.015548951112620423,0.015253397525430076,0.001853185769501778,0.0646504828595016,0.019487902618176407,0.0333802876577912,"[np.float64(0.01), np.float64(0.01), np.float64(0.01), np.float64(0.01), np.float64(0.01), np.float64(0.01), np.float64(0.01), np.float64(0.01), np.float64(0.01), np.float64(0.01)]","[array([[35,  0],
       [ 6,  9]]), array([[35,  0],
       [ 4, 11]]), array([[35,  0],
       [ 3, 12]]), array([[35,  0],
       [ 3, 12]]), array([[35,  0],
       [ 3, 12]]), array([[35,  0],
       [ 2, 13]]), array([[35,  0],
       [ 3, 12]]), array([[35,  0],
       [ 3, 12]]), array([[35,  0],
       [ 3, 12]]), array([[35,  0],
       [ 1, 14]])]"
50,0.1,2.0,15,2000,0.9400000000000002,0.8871194897056964,0.8066666666666666,0.023166046652910666,0.022813932371564503,0.0023191905594934004,0.19760381434661448,0.06323651823756894,0.1181682695631155,0.026832815729997458,0.05717423056206931,0.08666666666666668,0.00834211452774256,0.008163096728127518,0.0017428137365966452,0.03541268298487588,0.01608298905619346,0.024617548891848008,"[np.float64(0.01), np.float64(0.01), np.float64(0.01), np.float64(0.01), np.float64(0.01), np.float64(0.01), np.float64(0.01), np.float64(0.01), np.float64(0.01), np.float64(0.01)]","[array([[35,  0],
       [ 4, 11]]), array([[34,  1],
       [ 3, 12]]), array([[35,  0],
       [ 2, 13]]), array([[35,  0],
       [ 1, 14]]), array([[35,  0],
       [ 3, 12]]), array([[35,  0],
       [ 2, 13]]), array([[35,  0],
       [ 3, 12]]), array([[35,  0],
       [ 3, 12]]), array([[35,  0],
       [ 6,  9]]), array([[35,  0],
       [ 2, 13]])]"
50,0.2,0.1,15,2000,0.9400000000000001,0.8862045167892244,0.8133333333333332,0.018127291335443375,0.018072581989155623,0.0026814503670685164,0.1785610618197096,0.06132717163747775,0.11824484251707537,0.03898717737923585,0.08191690020444109,0.11469767022723504,0.01071534167916699,0.010684291937708054,0.0016272215961743832,0.047127586642088715,0.015417854458237248,0.030389993795095115,"[np.float64(0.01), np.float64(0.01), np.float64(0.01), np.float64(0.01), np.float64(0.01), np.float64(0.01), np.float64(0.01), np.float64(0.01), np.float64(0.01), np.float64(0.01)]","[array([[35,  0],
       [ 3, 12]]), array([[35,  0],
       [ 1, 14]]), array([[33,  2],
       [ 4, 11]]), array([[35,  0],
       [ 7,  8]]), array([[35,  0],
       [ 3, 12]]), array([[35,  0],
       [ 1, 14]]), array([[35,  0],
       [ 3, 12]]), array([[35,  0],
       [ 2, 13]]), array([[35,  0],
       [ 3, 12]]), array([[35,  0],
       [ 1, 14]])]"
50,0.2,0.5,15,2000,0.9359999999999999,0.8768264494126562,0.7866666666666667,0.022813717594173964,0.022761427047404227,0.004294805308454552,0.20254180933635707,0.06704139582856508,0.1298771923360941,0.03072458299147441,0.06586797812612215,0.10241527663824813,0.00563463512908926,0.005577239164807873,0.0024212935431747757,0.02388753615257536,0.012811701693111025,0.020493819392240775,"[np.float64(0.01), np.float64(0.01), np.float64(0.01), np.float64(0.01), np.float64(0.01), np.float64(0.01), np.float64(0.01), np.float64(0.01), np.float64(0.01), np.float64(0.01)]","[array([[35,  0],
       [ 2, 13]]), array([[35,  0],
       [ 2, 13]]), array([[35,  0],
       [ 6,  9]]), array([[35,  0],
       [ 2, 13]]), array([[35,  0],
       [ 5, 10]]), array([[35,  0],
       [ 4, 11]]), array([[35,  0],
       [ 2, 13]]), array([[35,  0],
       [ 4, 11]]), array([[35,  0],
       [ 1, 14]]), array([[35,  0],
       [ 4, 11]])]"
50,0.2,1.0,15,2000,0.924,0.847538515124722,0.7466666666666667,0.02620182007864571,0.026012157685301674,0.0035173014525440418,0.21484951405507338,0.07066385255914295,0.13449784147823501,0.041761226035642196,0.09380600040636404,0.13920408678547402,0.010952374626499374,0.01085834977977148,0.002189777990539262,0.04499718028465443,0.018201186994185672,0.035692448246789986,"[np.float64(0.01), np.float64(0.01), np.float64(0.01), np.float64(0.01), np.float64(0.01), np.float64(0.01), np.float64(0.01), np.float64(0.01), np.float64(0.01), np.float64(0.01)]","[array([[35,  0],
       [ 1, 14]]), array([[35,  0],
       [ 0, 15]]), array([[35,  0],
       [ 5, 10]]), array([[35,  0],
       [ 4, 11]]), array([[35,  0],
       [ 3, 12]]), array([[35,  0],
       [ 4, 11]]), array([[35,  0],
       [ 4, 11]]), array([[35,  0],
       [ 4, 11]]), array([[35,  0],
       [ 5, 10]]), array([[35,  0],
       [ 8,  7]])]"
50,0.2,2.0,15,2000,0.9319999999999998,0.869889773062187,0.78,0.024891491919879626,0.02464664111604904,0.0026083844304385373,0.21061111030626084,0.06449471958632313,0.1325691325593497,0.03370459909270542,0.06943443230990279,0.09910712498212339,0.010229612116687397,0.010125281479553733,0.001468970816306438,0.04542303739979875,0.013950900787127636,0.028694951201996312,"[np.float64(0.01), np.float64(0.01), np.float64(0.01), np.float64(0.01), np.float64(0.01), np.float64(0.01), np.float64(0.01), np.float64(0.01), np.float64(0.01), np.float64(0.01)]","[array([[35,  0],
       [ 3, 12]]), array([[35,  0],
       [ 3, 12]]), array([[35,  0],
       [ 1, 14]]), array([[35,  0],
       [ 4, 11]]), array([[35,  0],
       [ 3, 12]]), array([[35,  0],
       [ 5, 10]]), array([[35,  0],
       [ 4, 11]]), array([[35,  0],
       [ 1, 14]]), array([[35,  0],
       [ 3, 12]]), array([[34,  1],
       [ 6,  9]])]"
75,0.01,0.1,15,2000,0.9613333333333334,0.8911915287777357,0.8133333333333332,0.027854223927243994,0.027881599199612594,0.002985988212070767,0.22045853443706226,0.054069437495689376,0.10813147221022726,0.016275407487644954,0.050890460412893246,0.08844332774281069,0.018081461095958602,0.018032553183077622,0.002442166298335766,0.06960198465205626,0.015104708991162306,0.032423641847529765,"[np.float64(0.01), np.float64(0.01), np.float64(0.01), np.float64(0.01), np.float64(0.01), np.float64(0.01), np.float64(0.01), np.float64(0.01), np.float64(0.01), np.float64(0.01)]","[array([[60,  0],
       [ 4, 11]]), array([[60,  0],
       [ 2, 13]]), array([[60,  0],
       [ 2, 13]]), array([[60,  0],
       [ 1, 14]]), array([[60,  0],
       [ 3, 12]]), array([[60,  0],
       [ 2, 13]]), array([[60,  0],
       [ 5, 10]]), array([[60,  0],
       [ 4, 11]]), array([[60,  0],
       [ 4, 11]]), array([[59,  1],
       [ 1, 14]])]"
75,0.01,0.5,15,2000,0.9453333333333334,0.8439191472639749,0.7666666666666667,0.03971425475287589,0.03956455630572009,0.0026818077480635694,0.26147837813922625,0.06874582001399757,0.13087999235812117,0.022666666666666675,0.07282261575477925,0.12018504251546633,0.019620463288490583,0.019395354595161243,0.0020803560773800535,0.0681331075444909,0.01608874219182401,0.02895496692158285,"[np.float64(0.01), np.float64(0.01), np.float64(0.01), np.float64(0.01), np.float64(0.01), np.float64(0.01), np.float64(0.01), np.float64(0.01), np.float64(0.01), np.float64(0.01)]","[array([[60,  0],
       [ 4, 11]]), array([[59,  1],
       [ 2, 13]]), array([[58,  2],
       [ 2, 13]]), array([[60,  0],
       [ 4, 11]]), array([[59,  1],
       [ 4, 11]]), array([[59,  1],
       [ 6,  9]]), array([[60,  0],
       [ 5, 10]]), array([[59,  1],
       [ 1, 14]]), array([[60,  0],
       [ 1, 14]]), array([[60,  0],
       [ 6,  9]])]"
75,0.01,1.0,15,2000,0.9653333333333333,0.9026914656225001,0.8400000000000001,0.021481267073731658,0.021437743254317354,0.0026474517083340254,0.19387810479941853,0.052123056025869544,0.09803439908936903,0.022469732728470294,0.06893237367130828,0.10832051206181281,0.013027897248602711,0.012870727188197772,0.0019955250209002556,0.05675020176349621,0.016020615259859143,0.03293743422396413,"[np.float64(0.01), np.float64(0.01), np.float64(0.01), np.float64(0.01), np.float64(0.01), np.float64(0.01), np.float64(0.01), np.float64(0.01), np.float64(0.01), np.float64(0.01)]","[array([[59,  1],
       [ 3, 12]]), array([[59,  1],
       [ 2, 13]]), array([[60,  0],
       [ 0, 15]]), array([[60,  0],
       [ 1, 14]]), array([[60,  0],
       [ 6,  9]]), array([[60,  0],
       [ 1, 14]]), array([[60,  0],
       [ 2, 13]]), array([[60,  0],
       [ 3, 12]]), array([[60,  0],
       [ 4, 11]]), array([[60,  0],
       [ 2, 13]])]"
75,0.01,2.0,15,2000,0.952,0.8618813944676014,0.7733333333333333,0.032899883038837174,0.03292730237761958,0.003505330922493477,0.24419526679798423,0.06553514628286168,0.11804867672875566,0.01904380914278093,0.062032130787190755,0.10413666234542208,0.014692219129570961,0.014839134510477555,0.002457641635397206,0.05565565158966949,0.0164415772374867,0.02622565383750246,"[np.float64(0.01), np.float64(0.01), np.float64(0.01), np.float64(0.01), np.float64(0.01), np.float64(0.01), np.float64(0.01), np.float64(0.01), np.float64(0.01), np.float64(0.01)]","[array([[59,  1],
       [ 3, 12]]), array([[60,  0],
       [ 3, 12]]), array([[60,  0],
       [ 3, 12]]), array([[60,  0],
       [ 5, 10]]), array([[60,  0],
       [ 4, 11]]), array([[60,  0],
       [ 5, 10]]), array([[60,  0],
       [ 3, 12]]), array([[60,  0],
       [ 1, 14]]), array([[60,  0],
       [ 6,  9]]), array([[59,  1],
       [ 1, 14]])]"
75,0.05,0.1,15,2000,0.9453333333333335,0.8386260990383928,0.74,0.03171831804846477,0.031530534734423556,0.003102200816609446,0.23611625994268587,0.06518844174143044,0.12176520528541959,0.02186829262247565,0.0744502952936062,0.12092238098144706,0.016390453786775557,0.016177327807900977,0.001964505007359215,0.0597528216208161,0.013534861041229435,0.02526678263285109,"[np.float64(0.01), np.float64(0.01), np.float64(0.01), np.float64(0.01), np.float64(0.01), np.float64(0.01), np.float64(0.01), np.float64(0.01), np.float64(0.01), np.float64(0.01)]","[array([[59,  1],
       [ 1, 14]]), array([[60,  0],
       [ 4, 11]]), array([[60,  0],
       [ 4, 11]]), array([[60,  0],
       [ 6,  9]]), array([[60,  0],
       [ 1, 14]]), array([[60,  0],
       [ 7,  8]]), array([[60,  0],
       [ 5, 10]]), array([[59,  1],
       [ 3, 12]]), array([[60,  0],
       [ 4, 11]]), array([[60,  0],
       [ 4, 11]])]"
75,0.05,0.5,15,2000,0.9533333333333334,0.8652360602360604,0.7733333333333332,0.037349961290492215,0.03699684293550263,0.0033372456877577062,0.2556313738746701,0.06913690157659387,0.12672487842675448,0.021705094128132936,0.06682567931937236,0.10413666234542207,0.017768343733250203,0.01748800386924354,0.002350215506792844,0.0704014241633111,0.01985803939991134,0.03600319781762469,"[np.float64(0.01), np.float64(0.01), np.float64(0.01), np.float64(0.01), np.float64(0.01), np.float64(0.01), np.float64(0.01), np.float64(0.01), np.float64(0.01), np.float64(0.01)]","[array([[60,  0],
       [ 3, 12]]), array([[60,  0],
       [ 4, 11]]), array([[60,  0],
       [ 2, 13]]), array([[59,  1],
       [ 4, 11]]), array([[60,  0],
       [ 6,  9]]), array([[60,  0],
       [ 3, 12]]), array([[60,  0],
       [ 5, 10]]), array([[60,  0],
       [ 0, 15]]), array([[60,  0],
       [ 3, 12]]), array([[60,  0],
       [ 4, 11]])]"
75,0.05,1.0,15,2000,0.9493333333333333,0.8549660505522574,0.7666666666666667,0.03929549889289348,0.03908988102636357,0.0018246970639216099,0.26443850250579487,0.07100284065824544,0.12090343544873787,0.022939534045447022,0.07082422713564898,0.10000000000000003,0.017419060733376304,0.017276878520619016,0.0009553731702285233,0.06504749935774319,0.02398073162213172,0.03508300276795711,"[np.float64(0.01), np.float64(0.01), np.float64(0.01), np.float64(0.01), np.float64(0.01), np.float64(0.01), np.float64(0.01), np.float64(0.01), np.float64(0.01), np.float64(0.01)]","[array([[60,  0],
       [ 1, 14]]), array([[60,  0],
       [ 4, 11]]), array([[60,  0],
       [ 5, 10]]), array([[60,  0],
       [ 3, 12]]), array([[60,  0],
       [ 5, 10]]), array([[60,  0],
       [ 2, 13]]), array([[60,  0],
       [ 2, 13]]), array([[59,  1],
       [ 3, 12]]), array([[59,  1],
       [ 4, 11]]), array([[59,  1],
       [ 6,  9]])]"
75,0.05,2.0,15,2000,0.9626666666666666,0.8928273958258967,0.8133333333333332,0.029433482777947974,0.029178019275707356,0.0030674606658651514,0.2269015271490166,0.05749389886394076,0.11437978450674931,0.021333333333333357,0.07216545320846589,0.10666666666666667,0.013283349613759717,0.013120453473940679,0.0019974043248330393,0.05578589575717951,0.01675298555997562,0.029847149841906468,"[np.float64(0.01), np.float64(0.01), np.float64(0.01), np.float64(0.01), np.float64(0.01), np.float64(0.01), np.float64(0.01), np.float64(0.01), np.float64(0.01), np.float64(0.01)]","[array([[60,  0],
       [ 3, 12]]), array([[60,  0],
       [ 1, 14]]), array([[60,  0],
       [ 3, 12]]), array([[60,  0],
       [ 3, 12]]), array([[60,  0],
       [ 3, 12]]), array([[60,  0],
       [ 1, 14]]), array([[60,  0],
       [ 7,  8]]), array([[60,  0],
       [ 2, 13]]), array([[60,  0],
       [ 3, 12]]), array([[60,  0],
       [ 2, 13]])]"
75,0.1,0.1,15,2000,0.9506666666666665,0.8584371184371185,0.76,0.0367121742532035,0.036609093138858385,0.0031810553165894984,0.2575620467179305,0.061754637627361185,0.12331739009376996,0.014666666666666673,0.04715971444495299,0.07423685817106698,0.01577186005288625,0.015805086331655605,0.002417064441552323,0.05187540468854772,0.010326680950184176,0.019933017769352204,"[np.float64(0.01), np.float64(0.01), np.float64(0.01), np.float64(0.01), np.float64(0.01), np.float64(0.01), np.float64(0.01), np.float64(0.01), np.float64(0.01), np.float64(0.01)]","[array([[60,  0],
       [ 3, 12]]), array([[60,  0],
       [ 4, 11]]), array([[60,  0],
       [ 5, 10]]), array([[60,  0],
       [ 2, 13]]), array([[60,  0],
       [ 3, 12]]), array([[60,  0],
       [ 5, 10]]), array([[60,  0],
       [ 5, 10]]), array([[59,  1],
       [ 3, 12]]), array([[60,  0],
       [ 4, 11]]), array([[60,  0],
       [ 2, 13]])]"
75,0.1,0.5,15,2000,0.9493333333333334,0.8475374625374625,0.7533333333333334,0.033736820081716704,0.03375305590696911,0.0031715315629545103,0.24409353495029507,0.0675901345717346,0.13149634635827834,0.02969474326842679,0.10082959705912815,0.1492201952373293,0.01969261810037571,0.019778921739373293,0.00163411462952097,0.07495096356884456,0.02305548455823815,0.05109984422450511,"[np.float64(0.01), np.float64(0.01), np.float64(0.01), np.float64(0.01), np.float64(0.01), np.float64(0.01), np.float64(0.01), np.float64(0.01), np.float64(0.01), np.float64(0.01)]","[array([[60,  0],
       [ 5, 10]]), array([[60,  0],
       [ 2, 13]]), array([[60,  0],
       [ 8,  7]]), array([[60,  0],
       [ 0, 15]]), array([[60,  0],
       [ 5, 10]]), array([[60,  0],
       [ 2, 13]]), array([[60,  0],
       [ 6,  9]]), array([[59,  1],
       [ 3, 12]]), array([[60,  0],
       [ 2, 13]]), array([[60,  0],
       [ 4, 11]])]"
75,0.1,1.0,15,2000,0.9546666666666667,0.8647363173225242,0.7733333333333332,0.032114722181387376,0.031727186009047156,0.0036474350058811724,0.23780748421235773,0.06479558674711575,0.11238988699819559,0.027455013709298686,0.0964618823526695,0.13727506854649335,0.017143908553884705,0.01678998109108692,0.0019395608222588154,0.062466060671641774,0.01755303347650078,0.021579831161090485,"[np.float64(0.01), np.float64(0.01), np.float64(0.01), np.float64(0.01), np.float64(0.01), np.float64(0.01), np.float64(0.01), np.float64(0.01), np.float64(0.01), np.float64(0.01)]","[array([[60,  0],
       [ 8,  7]]), array([[60,  0],
       [ 3, 12]]), array([[60,  0],
       [ 4, 11]]), array([[60,  0],
       [ 1, 14]]), array([[60,  0],
       [ 2, 13]]), array([[60,  0],
       [ 2, 13]]), array([[60,  0],
       [ 4, 11]]), array([[60,  0],
       [ 2, 13]]), array([[60,  0],
       [ 6,  9]]), array([[60,  0],
       [ 2, 13]])]"
75,0.1,2.0,15,2000,0.9600000000000002,0.8863024714748853,0.8066666666666666,0.028018029131894197,0.02777565065943861,0.002455550994864231,0.21699657004428663,0.05610359792927143,0.10625547392061759,0.01885618083164128,0.05889139389500296,0.1008849730028104,0.015925309462289917,0.015732767274705677,0.0016705651851244086,0.06126543128496925,0.016196949901188137,0.02954652219214622,"[np.float64(0.01), np.float64(0.01), np.float64(0.01), np.float64(0.01), np.float64(0.01), np.float64(0.01), np.float64(0.01), np.float64(0.01), np.float64(0.01), np.float64(0.01)]","[array([[60,  0],
       [ 1, 14]]), array([[60,  0],
       [ 4, 11]]), array([[60,  0],
       [ 3, 12]]), array([[60,  0],
       [ 3, 12]]), array([[60,  0],
       [ 2, 13]]), array([[60,  0],
       [ 5, 10]]), array([[59,  1],
       [ 1, 14]]), array([[60,  0],
       [ 1, 14]]), array([[60,  0],
       [ 4, 11]]), array([[60,  0],
       [ 5, 10]])]"
75,0.2,0.1,15,2000,0.9533333333333334,0.8640802492526631,0.7666666666666667,0.03256261683491175,0.03239093055006066,0.003421545887294264,0.23805436968664423,0.061120693144634405,0.11865582390438315,0.020869967789998046,0.06513166110823869,0.10434983894999023,0.015420718918815371,0.01532340148065195,0.0029613655742951367,0.06472372065612719,0.016856430507200853,0.032058949767985186,"[np.float64(0.01), np.float64(0.01), np.float64(0.01), np.float64(0.01), np.float64(0.01), np.float64(0.01), np.float64(0.01), np.float64(0.01), np.float64(0.01), np.float64(0.01)]","[array([[60,  0],
       [ 1, 14]]), array([[60,  0],
       [ 4, 11]]), array([[60,  0],
       [ 5, 10]]), array([[60,  0],
       [ 5, 10]]), array([[60,  0],
       [ 3, 12]]), array([[60,  0],
       [ 4, 11]]), array([[60,  0],
       [ 1, 14]]), array([[60,  0],
       [ 5, 10]]), array([[60,  0],
       [ 2, 13]]), array([[60,  0],
       [ 5, 10]])]"
75,0.2,0.5,15,2000,0.9413333333333334,0.8270085470085469,0.7066666666666667,0.04745919811921624,0.04705570207293874,0.0016765073663194906,0.29117354031434617,0.07247938019985349,0.13905756193786184,0.010666666666666645,0.03573262941662607,0.05333333333333336,0.020071888992715236,0.019728662667844187,0.0011918563905620493,0.0602360378868452,0.016597309128073452,0.021316488789870847,"[np.float64(0.01), np.float64(0.01), np.float64(0.01), np.float64(0.01), np.float64(0.01), np.float64(0.01), np.float64(0.01), np.float64(0.01), np.float64(0.01), np.float64(0.01)]","[array([[60,  0],
       [ 5, 10]]), array([[60,  0],
       [ 5, 10]]), array([[60,  0],
       [ 5, 10]]), array([[60,  0],
       [ 3, 12]]), array([[60,  0],
       [ 4, 11]]), array([[60,  0],
       [ 3, 12]]), array([[60,  0],
       [ 5, 10]]), array([[60,  0],
       [ 5, 10]]), array([[60,  0],
       [ 5, 10]]), array([[60,  0],
       [ 4, 11]])]"
75,0.2,1.0,15,2000,0.9613333333333335,0.8904416656140794,0.8066666666666666,0.027836369902588844,0.027743919652293413,0.003050490475529666,0.22106556770766642,0.06347568452139914,0.11727593328036404,0.017333333333333346,0.053149968736699485,0.0866666666666667,0.011780377982333038,0.0117129005084005,0.0024769324317591547,0.052288831727783404,0.017475886408869157,0.036851598013924076,"[np.float64(0.01), np.float64(0.01), np.float64(0.01), np.float64(0.01), np.float64(0.01), np.float64(0.01), np.float64(0.01), np.float64(0.01), np.float64(0.01), np.float64(0.01)]","[array([[60,  0],
       [ 5, 10]]), array([[60,  0],
       [ 4, 11]]), array([[60,  0],
       [ 3, 12]]), array([[60,  0],
       [ 1, 14]]), array([[60,  0],
       [ 2, 13]]), array([[60,  0],
       [ 4, 11]]), array([[60,  0],
       [ 2, 13]]), array([[60,  0],
       [ 1, 14]]), array([[60,  0],
       [ 3, 12]]), array([[60,  0],
       [ 4, 11]])]"
75,0.2,2.0,15,2000,0.9626666666666667,0.8949888425750496,0.8133333333333332,0.033149654109953984,0.03291135805263536,0.004241708897561225,0.239032962391258,0.05679168586515006,0.11249327340396256,0.015549205052920819,0.04832435017806415,0.07774602526460403,0.017786788384133227,0.017612873360759763,0.0011616424842067197,0.06583453030192579,0.014089927646982187,0.025156492777730254,"[np.float64(0.01), np.float64(0.01), np.float64(0.01), np.float64(0.01), np.float64(0.01), np.float64(0.01), np.float64(0.01), np.float64(0.01), np.float64(0.01), np.float64(0.01)]","[array([[60,  0],
       [ 5, 10]]), array([[60,  0],
       [ 1, 14]]), array([[60,  0],
       [ 2, 13]]), array([[60,  0],
       [ 2, 13]]), array([[60,  0],
       [ 3, 12]]), array([[60,  0],
       [ 4, 11]]), array([[60,  0],
       [ 3, 12]]), array([[60,  0],
       [ 2, 13]]), array([[60,  0],
       [ 4, 11]]), array([[60,  0],
       [ 2, 13]])]"
100,0.01,0.1,15,2000,0.9689999999999998,0.8819533438999514,0.8066666666666669,0.030466112610317,0.03041695801205151,0.0017270264518666756,0.2360004791662344,0.05387734401885345,0.1077296229754687,0.01640121946685674,0.06752265989555893,0.11718930554164633,0.012540308557133159,0.01249995741854826,0.0012171752273629603,0.05731221973560393,0.010853930241718594,0.023046858262000425,"[np.float64(0.01), np.float64(0.01), np.float64(0.01), np.float64(0.01), np.float64(0.01), np.float64(0.01), np.float64(0.01), np.float64(0.01), np.float64(0.01), np.float64(0.01)]","[array([[85,  0],
       [ 4, 11]]), array([[84,  1],
       [ 0, 15]]), array([[85,  0],
       [ 2, 13]]), array([[84,  1],
       [ 3, 12]]), array([[85,  0],
       [ 5, 10]]), array([[85,  0],
       [ 1, 14]]), array([[85,  0],
       [ 1, 14]]), array([[85,  0],
       [ 3, 12]]), array([[85,  0],
       [ 5, 10]]), array([[85,  0],
       [ 5, 10]])]"
100,0.01,0.5,15,2000,0.9730000000000001,0.8979386832835109,0.8266666666666665,0.03723618302408767,0.03702176527376082,0.0031754968123028694,0.2507322006086427,0.05891362639239336,0.10395801981048418,0.01734935157289749,0.07130687875351133,0.10832051206181283,0.02967810255501752,0.029367968593451307,0.002487212572171203,0.09778765549004789,0.024205169466807522,0.03788364615221904,"[np.float64(0.01), np.float64(0.01), np.float64(0.01), np.float64(0.01), np.float64(0.01), np.float64(0.01), np.float64(0.01), np.float64(0.01), np.float64(0.01), np.float64(0.01)]","[array([[85,  0],
       [ 6,  9]]), array([[85,  0],
       [ 1, 14]]), array([[85,  0],
       [ 1, 14]]), array([[85,  0],
       [ 3, 12]]), array([[85,  0],
       [ 1, 14]]), array([[85,  0],
       [ 1, 14]]), array([[84,  1],
       [ 4, 11]]), array([[85,  0],
       [ 2, 13]]), array([[85,  0],
       [ 3, 12]]), array([[85,  0],
       [ 4, 11]])]"
100,0.01,1.0,15,2000,0.969,0.8862902614626753,0.8200000000000001,0.032320786391535704,0.03225398027960295,0.002452434073889298,0.2400974299022834,0.05324002149152328,0.10637365668650342,0.01640121946685674,0.062280438567581566,0.08459051693633017,0.01720227997274139,0.017202621255861916,0.0017609244997824998,0.0679528129441632,0.016299330791876055,0.03224824850526668,"[np.float64(0.01), np.float64(0.01), np.float64(0.01), np.float64(0.01), np.float64(0.01), np.float64(0.01), np.float64(0.01), np.float64(0.01), np.float64(0.01), np.float64(0.01)]","[array([[84,  1],
       [ 3, 12]]), array([[85,  0],
       [ 4, 11]]), array([[85,  0],
       [ 5, 10]]), array([[83,  2],
       [ 4, 11]]), array([[85,  0],
       [ 1, 14]]), array([[84,  1],
       [ 3, 12]]), array([[85,  0],
       [ 1, 14]]), array([[85,  0],
       [ 2, 13]]), array([[85,  0],
       [ 2, 13]]), array([[85,  0],
       [ 2, 13]])]"
100,0.01,2.0,15,2000,0.9719999999999999,0.8961671789257997,0.8333333333333334,0.03669503754625936,0.036535102480020495,0.002511462799340203,0.246998519088018,0.054199973887542996,0.10007231710907041,0.018867962264113223,0.07216008982058911,0.1043498389499902,0.027127540534817012,0.027013515536336054,0.0014488495441192125,0.08184755804501051,0.019109332684504064,0.03226728971540486,"[np.float64(0.01), np.float64(0.01), np.float64(0.01), np.float64(0.01), np.float64(0.01), np.float64(0.01), np.float64(0.01), np.float64(0.01), np.float64(0.01), np.float64(0.01)]","[array([[85,  0],
       [ 3, 12]]), array([[85,  0],
       [ 1, 14]]), array([[84,  1],
       [ 5, 10]]), array([[84,  1],
       [ 4, 11]]), array([[85,  0],
       [ 1, 14]]), array([[85,  0],
       [ 1, 14]]), array([[85,  0],
       [ 0, 15]]), array([[84,  1],
       [ 3, 12]]), array([[85,  0],
       [ 3, 12]]), array([[85,  0],
       [ 4, 11]])]"
100,0.05,0.1,15,2000,0.9669999999999999,0.8756065007789144,0.7933333333333334,0.03162713428683617,0.031505618961800506,0.0023947620185219344,0.2314848090889534,0.05661618810986872,0.11026314600795555,0.015524174696260037,0.06199513923057118,0.09165151389911683,0.018486844107746623,0.018340024002550925,0.001850926690964376,0.07443916354149524,0.015494460921672105,0.03268278431923164,"[np.float64(0.01), np.float64(0.01), np.float64(0.01), np.float64(0.01), np.float64(0.01), np.float64(0.01), np.float64(0.01), np.float64(0.01), np.float64(0.01), np.float64(0.01)]","[array([[85,  0],
       [ 1, 14]]), array([[85,  0],
       [ 3, 12]]), array([[85,  0],
       [ 2, 13]]), array([[84,  1],
       [ 3, 12]]), array([[85,  0],
       [ 1, 14]]), array([[85,  0],
       [ 3, 12]]), array([[85,  0],
       [ 4, 11]]), array([[85,  0],
       [ 4, 11]]), array([[85,  0],
       [ 5, 10]]), array([[84,  1],
       [ 5, 10]])]"
100,0.05,0.5,15,2000,0.97,0.8861169580635654,0.8066666666666666,0.034738150567547164,0.03465877495943914,0.0032766247876928945,0.253121759623932,0.058269078253623804,0.11487136285015886,0.014142135623730963,0.05752490403404785,0.10519822558706336,0.015314895438747153,0.015291790884949825,0.002295816289136824,0.06137984098297168,0.011588633521256886,0.0270332427780827,"[np.float64(0.01), np.float64(0.01), np.float64(0.01), np.float64(0.01), np.float64(0.01), np.float64(0.01), np.float64(0.01), np.float64(0.01), np.float64(0.01), np.float64(0.01)]","[array([[85,  0],
       [ 4, 11]]), array([[85,  0],
       [ 3, 12]]), array([[85,  0],
       [ 3, 12]]), array([[85,  0],
       [ 4, 11]]), array([[85,  0],
       [ 4, 11]]), array([[85,  0],
       [ 5, 10]]), array([[85,  0],
       [ 1, 14]]), array([[84,  1],
       [ 0, 15]]), array([[85,  0],
       [ 1, 14]]), array([[85,  0],
       [ 4, 11]])]"
100,0.05,1.0,15,2000,0.9730000000000001,0.8993305545029683,0.8200000000000001,0.030697648324095893,0.03062975368001162,0.0024751873793877,0.23999129596552007,0.0529628473373158,0.09687064886608558,0.01100000000000001,0.04391102885021092,0.07333333333333335,0.011122931799083573,0.011155791359005868,0.0023440455102565934,0.044118422421498105,0.011587186085969968,0.02116232231180174,"[np.float64(0.01), np.float64(0.01), np.float64(0.01), np.float64(0.01), np.float64(0.01), np.float64(0.01), np.float64(0.01), np.float64(0.01), np.float64(0.01), np.float64(0.01)]","[array([[85,  0],
       [ 3, 12]]), array([[85,  0],
       [ 1, 14]]), array([[85,  0],
       [ 2, 13]]), array([[85,  0],
       [ 3, 12]]), array([[85,  0],
       [ 4, 11]]), array([[85,  0],
       [ 3, 12]]), array([[85,  0],
       [ 4, 11]]), array([[85,  0],
       [ 4, 11]]), array([[85,  0],
       [ 1, 14]]), array([[85,  0],
       [ 2, 13]])]"
100,0.05,2.0,15,2000,0.9620000000000001,0.8588235723408137,0.7866666666666666,0.03607838385263591,0.03604087999580656,0.002871293886002213,0.2603830819911934,0.06327615157180874,0.12241550479417318,0.01720465053408525,0.06904156676669437,0.09333333333333335,0.012790404602067098,0.012665395020447575,0.0018076938897727602,0.04965816572731153,0.012405688063228136,0.031184899898897507,"[np.float64(0.01), np.float64(0.01), np.float64(0.01), np.float64(0.01), np.float64(0.01), np.float64(0.01), np.float64(0.01), np.float64(0.01), np.float64(0.01), np.float64(0.01)]","[array([[85,  0],
       [ 2, 13]]), array([[83,  2],
       [ 3, 12]]), array([[84,  1],
       [ 3, 12]]), array([[84,  1],
       [ 4, 11]]), array([[85,  0],
       [ 1, 14]]), array([[84,  1],
       [ 6,  9]]), array([[85,  0],
       [ 2, 13]]), array([[85,  0],
       [ 5, 10]]), array([[85,  0],
       [ 3, 12]]), array([[84,  1],
       [ 3, 12]])]"
100,0.1,0.1,15,2000,0.9640000000000001,0.8568951262555267,0.7733333333333334,0.04498762545978252,0.044771288805183926,0.002372400691672505,0.2805590705884343,0.06697130205378385,0.11413826712234128,0.02154065922853801,0.09939696292967913,0.15260697523012798,0.026727890335195802,0.026505009484490385,0.0016216625833413683,0.08922474704334558,0.024302267448711445,0.03320340021452854,"[np.float64(0.01), np.float64(0.01), np.float64(0.01), np.float64(0.01), np.float64(0.01), np.float64(0.01), np.float64(0.01), np.float64(0.01), np.float64(0.01), np.float64(0.01)]","[array([[84,  1],
       [ 0, 15]]), array([[85,  0],
       [ 3, 12]]), array([[84,  1],
       [ 3, 12]]), array([[85,  0],
       [ 2, 13]]), array([[85,  0],
       [ 5, 10]]), array([[85,  0],
       [ 6,  9]]), array([[85,  0],
       [ 4, 11]]), array([[85,  0],
       [ 2, 13]]), array([[85,  0],
       [ 8,  7]]), array([[85,  0],
       [ 1, 14]])]"
100,0.1,0.5,15,2000,0.9709999999999999,0.8833887817995765,0.8066666666666666,0.04007211133992712,0.03970763016154706,0.0030029819466282914,0.2502335432555238,0.05910937737440519,0.10920670852879408,0.024269322199023176,0.10741991386941327,0.1617954813268213,0.03483515105332014,0.03412799886528339,0.001959683197064816,0.10183507803613828,0.029082639616640784,0.052514447353670335,"[np.float64(0.01), np.float64(0.01), np.float64(0.01), np.float64(0.01), np.float64(0.01), np.float64(0.01), np.float64(0.01), np.float64(0.01), np.float64(0.01), np.float64(0.01)]","[array([[85,  0],
       [ 0, 15]]), array([[85,  0],
       [ 1, 14]]), array([[85,  0],
       [ 1, 14]]), array([[85,  0],
       [ 7,  8]]), array([[85,  0],
       [ 1, 14]]), array([[85,  0],
       [ 3, 12]]), array([[85,  0],
       [ 2, 13]]), array([[85,  0],
       [ 5, 10]]), array([[85,  0],
       [ 2, 13]]), array([[85,  0],
       [ 7,  8]])]"
100,0.1,1.0,15,2000,0.975,0.9063778367226643,0.8333333333333334,0.03164596786221523,0.03143697435175881,0.0020353838399439273,0.24253908120934553,0.053893184329531975,0.09656937056645201,0.013601470508735456,0.054914937042417816,0.09067647005823629,0.013084370394342815,0.01285313047041206,0.001776955979435927,0.050598877182596834,0.015954569982110638,0.022873419745145143,"[np.float64(0.01), np.float64(0.01), np.float64(0.01), np.float64(0.01), np.float64(0.01), np.float64(0.01), np.float64(0.01), np.float64(0.01), np.float64(0.01), np.float64(0.01)]","[array([[85,  0],
       [ 1, 14]]), array([[85,  0],
       [ 1, 14]]), array([[85,  0],
       [ 5, 10]]), array([[85,  0],
       [ 1, 14]]), array([[85,  0],
       [ 3, 12]]), array([[85,  0],
       [ 3, 12]]), array([[85,  0],
       [ 4, 11]]), array([[85,  0],
       [ 1, 14]]), array([[85,  0],
       [ 3, 12]]), array([[85,  0],
       [ 3, 12]])]"
100,0.1,2.0,15,2000,0.9690000000000001,0.882199907372321,0.7933333333333333,0.03816576418675055,0.03809024774588039,0.0023694839689928473,0.26144859646746477,0.060743721007513504,0.10816428475670621,0.013000000000000012,0.0529881667047691,0.0866666666666667,0.0165901530572683,0.016567830728889055,0.0017645107495588297,0.06163775581325834,0.016156187038830785,0.027917462829283257,"[np.float64(0.01), np.float64(0.01), np.float64(0.01), np.float64(0.01), np.float64(0.01), np.float64(0.01), np.float64(0.01), np.float64(0.01), np.float64(0.01), np.float64(0.01)]","[array([[85,  0],
       [ 2, 13]]), array([[85,  0],
       [ 3, 12]]), array([[85,  0],
       [ 3, 12]]), array([[85,  0],
       [ 4, 11]]), array([[85,  0],
       [ 5, 10]]), array([[85,  0],
       [ 1, 14]]), array([[85,  0],
       [ 1, 14]]), array([[85,  0],
       [ 4, 11]]), array([[85,  0],
       [ 4, 11]]), array([[85,  0],
       [ 4, 11]])]"
100,0.2,0.1,15,2000,0.97,0.8872670624394761,0.8066666666666666,0.03014167927866964,0.03003793981508949,0.0024886646242992193,0.23701536177810495,0.05843214489531663,0.10887721856509433,0.013416407864998751,0.054087716021296535,0.0866666666666667,0.013047001348565214,0.012926907949055955,0.00151602009868949,0.051444988101954615,0.011927127823513309,0.02349740283609648,"[np.float64(0.01), np.float64(0.01), np.float64(0.01), np.float64(0.01), np.float64(0.01), np.float64(0.01), np.float64(0.01), np.float64(0.01), np.float64(0.01), np.float64(0.01)]","[array([[85,  0],
       [ 4, 11]]), array([[85,  0],
       [ 1, 14]]), array([[85,  0],
       [ 1, 14]]), array([[85,  0],
       [ 4, 11]]), array([[85,  0],
       [ 5, 10]]), array([[85,  0],
       [ 2, 13]]), array([[85,  0],
       [ 3, 12]]), array([[85,  0],
       [ 4, 11]]), array([[84,  1],
       [ 3, 12]]), array([[85,  0],
       [ 2, 13]])]"
100,0.2,0.5,15,2000,0.9709999999999999,0.8885480611342681,0.8066666666666669,0.03397999467755426,0.03377205086242441,0.0022418772282687847,0.24670406114579718,0.05860421960120492,0.10445657738268202,0.017000000000000015,0.07098131556665369,0.11333333333333334,0.01562917729856105,0.015456424136154043,0.0016485124469443329,0.06540606713409222,0.01467000974319876,0.021309838963229702,"[np.float64(0.01), np.float64(0.01), np.float64(0.01), np.float64(0.01), np.float64(0.01), np.float64(0.01), np.float64(0.01), np.float64(0.01), np.float64(0.01), np.float64(0.01)]","[array([[85,  0],
       [ 5, 10]]), array([[85,  0],
       [ 3, 12]]), array([[85,  0],
       [ 2, 13]]), array([[85,  0],
       [ 3, 12]]), array([[85,  0],
       [ 2, 13]]), array([[85,  0],
       [ 1, 14]]), array([[85,  0],
       [ 0, 15]]), array([[85,  0],
       [ 3, 12]]), array([[85,  0],
       [ 4, 11]]), array([[85,  0],
       [ 6,  9]])]"
